-- phpMyAdmin SQL Dump
-- version 5.2.1
-- https://www.phpmyadmin.net/
--
-- Host: 127.0.0.1
-- Generation Time: Mar 25, 2025 at 07:36 AM
-- Server version: 10.4.32-MariaDB
-- PHP Version: 8.2.12

SET SQL_MODE = "NO_AUTO_VALUE_ON_ZERO";
START TRANSACTION;
SET time_zone = "+00:00";


/*!40101 SET @OLD_CHARACTER_SET_CLIENT=@@CHARACTER_SET_CLIENT */;
/*!40101 SET @OLD_CHARACTER_SET_RESULTS=@@CHARACTER_SET_RESULTS */;
/*!40101 SET @OLD_COLLATION_CONNECTION=@@COLLATION_CONNECTION */;
/*!40101 SET NAMES utf8mb4 */;

--
-- Database: `realestatephp`
--

-- --------------------------------------------------------

--
-- Table structure for table `about`
--

CREATE TABLE `about` (
  `id` int(10) NOT NULL,
  `title` varchar(100) NOT NULL,
  `content` longtext NOT NULL,
  `image` varchar(300) NOT NULL
) ENGINE=InnoDB DEFAULT CHARSET=utf8mb4 COLLATE=utf8mb4_general_ci;

--
-- Dumping data for table `about`
--

INSERT INTO `about` (`id`, `title`, `content`, `image`) VALUES
(11, 'About Us', '<div id=\"pgc-w5d0dcc3394ac1-0-0\" class=\"panel-grid-cell\">\r\n<div id=\"panel-w5d0dcc3394ac1-0-0-0\" class=\"so-panel widget widget_sow-editor panel-first-child panel-last-child\" data-index=\"0\">\r\n<div class=\"so-widget-sow-editor so-widget-sow-editor-base\">\r\n<div class=\"siteorigin-widget-tinymce textwidget\">\r\n<p class=\"text_all_p_tag_css\">This is a demo about us page for this project. This is a demo about us page for this project. This is a demo about us page for this project. This is a demo about us page for this project.</p>\r\n<p class=\"text_all_p_tag_css\">This is a demo about us page for this project.This is a demo about us page for this project.This is a demo about us page for this project.This is a demo about us page for this project.This is a demo about us page for this project. (codeastro.com). This is a demo about us page for this project. This is a demo about us page for this project. This is a demo about us page for this project. This is a demo about us page for this project. This is a demo about us page for this project. This is a demo about us page for this project.</p>\r\n<div id=\"pgc-w5d0dcc3394ac1-0-0\" class=\"panel-grid-cell\">\r\n<div id=\"panel-w5d0dcc3394ac1-0-0-0\" class=\"so-panel widget widget_sow-editor panel-first-child panel-last-child\" data-index=\"0\">\r\n<div class=\"so-widget-sow-editor so-widget-sow-editor-base\">\r\n<div class=\"siteorigin-widget-tinymce textwidget\">\r\n<p class=\"text_all_p_tag_css\">This is a demo about us page for this project. This is a demo about us page for this project. This is a demo about us page for this project.</p>\r\n<p class=\"text_all_p_tag_css\">This is a demo about us page for this project.This is a demo about us page for this project.This is a demo about us page for this project.This is a demo about us page for this project. (codeastro.com) This is a demo about us page for this project.This is a demo about us page for this project.This is a demo about us page for this project.This is a demo about us page for this project.This is a demo about us page for this project.This is a demo about us page for this project.</p>\r\n</div>\r\n</div>\r\n</div>\r\n</div>\r\n</div>\r\n</div>\r\n</div>\r\n</div>', 'condos-pool.png');

-- --------------------------------------------------------

--
-- Table structure for table `admin`
--

CREATE TABLE `admin` (
  `aid` int(10) NOT NULL,
  `auser` varchar(50) NOT NULL,
  `aemail` varchar(50) NOT NULL,
  `apass` varchar(50) NOT NULL,
  `adob` date NOT NULL,
  `aphone` varchar(15) NOT NULL
) ENGINE=InnoDB DEFAULT CHARSET=utf8mb4 COLLATE=utf8mb4_general_ci;

--
-- Dumping data for table `admin`
--

INSERT INTO `admin` (`aid`, `auser`, `aemail`, `apass`, `adob`, `aphone`) VALUES
(9, 'admin', 'admin@gmail.com', '6812f136d636e737248d365016f8cfd5139e387c', '1994-12-06', '1470002569');

-- --------------------------------------------------------

--
-- Table structure for table `city`
--

CREATE TABLE `city` (
  `cid` int(50) NOT NULL,
  `cname` varchar(100) NOT NULL,
  `sid` int(50) NOT NULL
) ENGINE=InnoDB DEFAULT CHARSET=utf8mb4 COLLATE=utf8mb4_general_ci;

--
-- Dumping data for table `city`
--

INSERT INTO `city` (`cid`, `cname`, `sid`) VALUES
(9, 'Olisphis', 3),
(10, 'Alegas', 2),
(11, 'Floson', 2),
(12, 'Ulmore', 7),
(13, 'Awrerton', 15);

-- --------------------------------------------------------

--
-- Table structure for table `contact`
--

CREATE TABLE `contact` (
  `cid` int(50) NOT NULL,
  `name` varchar(100) NOT NULL,
  `email` varchar(100) NOT NULL,
  `phone` varchar(20) NOT NULL,
  `subject` varchar(100) NOT NULL,
  `message` varchar(250) NOT NULL
) ENGINE=InnoDB DEFAULT CHARSET=utf8mb4 COLLATE=utf8mb4_general_ci;

--
-- Dumping data for table `contact`
--

INSERT INTO `contact` (`cid`, `name`, `email`, `phone`, `subject`, `message`) VALUES
(8, 'Yashasvi Pandey', 'ypandey865@gmail.com', '7903285511', 'HELLO HI', 'hyhyhyh');

-- --------------------------------------------------------

--
-- Table structure for table `faq`
--

CREATE TABLE `faq` (
  `id` int(10) NOT NULL,
  `title` varchar(100) NOT NULL,
  `content` longtext NOT NULL,
  `image` varchar(300) NOT NULL
) ENGINE=InnoDB DEFAULT CHARSET=utf8mb4 COLLATE=utf8mb4_general_ci;

--
-- Dumping data for table `faq`
--

INSERT INTO `faq` (`id`, `title`, `content`, `image`) VALUES
(1, 'Frequenlty Asked Question', '', 'condos-pool.png');

-- --------------------------------------------------------

--
-- Table structure for table `feedback`
--

CREATE TABLE `feedback` (
  `fid` int(50) NOT NULL,
  `uid` int(50) NOT NULL,
  `fdescription` varchar(300) NOT NULL,
  `status` int(1) NOT NULL,
  `date` datetime NOT NULL DEFAULT current_timestamp()
) ENGINE=InnoDB DEFAULT CHARSET=utf8mb4 COLLATE=utf8mb4_general_ci;

--
-- Dumping data for table `feedback`
--

INSERT INTO `feedback` (`fid`, `uid`, `fdescription`, `status`, `date`) VALUES
(7, 28, 'WAAAAAAAH !!!!!!', 1, '2022-07-23 16:07:08'),
(8, 33, 'ummmm ! ek no...!!!', 1, '2022-07-23 21:51:09'),
(9, 36, 'JAI MATA DI\r\n', 1, '2025-03-17 12:19:58');

-- --------------------------------------------------------

--
-- Table structure for table `property`
--

CREATE TABLE `property` (
  `pid` int(50) NOT NULL,
  `title` varchar(200) NOT NULL,
  `pcontent` longtext NOT NULL,
  `type` varchar(100) NOT NULL,
  `bhk` varchar(50) NOT NULL,
  `stype` varchar(100) NOT NULL,
  `bedroom` int(50) NOT NULL,
  `bathroom` int(50) NOT NULL,
  `balcony` int(50) NOT NULL,
  `kitchen` int(50) NOT NULL,
  `hall` int(50) NOT NULL,
  `floor` varchar(50) NOT NULL,
  `size` int(50) NOT NULL,
  `price` int(50) NOT NULL,
  `location` varchar(200) NOT NULL,
  `city` varchar(100) NOT NULL,
  `state` varchar(100) NOT NULL,
  `feature` longtext NOT NULL,
  `pimage` varchar(300) NOT NULL,
  `pimage1` varchar(300) NOT NULL,
  `pimage2` varchar(300) NOT NULL,
  `pimage3` varchar(300) NOT NULL,
  `pimage4` varchar(300) NOT NULL,
  `uid` int(50) NOT NULL,
  `status` varchar(50) NOT NULL,
  `mapimage` varchar(300) NOT NULL,
  `topmapimage` varchar(300) NOT NULL,
  `groundmapimage` varchar(300) NOT NULL,
  `totalfloor` varchar(50) NOT NULL,
  `date` datetime NOT NULL DEFAULT current_timestamp(),
  `isFeatured` int(11) DEFAULT NULL
) ENGINE=InnoDB DEFAULT CHARSET=utf8mb4 COLLATE=utf8mb4_general_ci;

--
-- Dumping data for table `property`
--

INSERT INTO `property` (`pid`, `title`, `pcontent`, `type`, `bhk`, `stype`, `bedroom`, `bathroom`, `balcony`, `kitchen`, `hall`, `floor`, `size`, `price`, `location`, `city`, `state`, `feature`, `pimage`, `pimage1`, `pimage2`, `pimage3`, `pimage4`, `uid`, `status`, `mapimage`, `topmapimage`, `groundmapimage`, `totalfloor`, `date`, `isFeatured`) VALUES
(25, 'Krishna Pg', '', 'house', '4 BHK', 'sale', 4, 2, 0, 1, 1, '2nd Floor', 1869, 200000, 'Gukhna ', 'Ghaziabad', 'Uttar Pradesh', '<p>&nbsp;</p>\r\n<!---feature area start--->\r\n<div class=\"col-md-4\">\r\n<ul>\r\n<li class=\"mb-3\"><span class=\"text-secondary font-weight-bold\">Property Age : </span>10 Years</li>\r\n<li class=\"mb-3\"><span class=\"text-secondary font-weight-bold\">Swiming Pool : </span>Yes</li>\r\n<li class=\"mb-3\"><span class=\"text-secondary font-weight-bold\">Parking : </span>Yes</li>\r\n<li class=\"mb-3\"><span class=\"text-secondary font-weight-bold\">GYM : </span>Yes</li>\r\n</ul>\r\n</div>\r\n<div class=\"col-md-4\">\r\n<ul>\r\n<li class=\"mb-3\"><span class=\"text-secondary font-weight-bold\">Type : </span>Appartment</li>\r\n<li class=\"mb-3\"><span class=\"text-secondary font-weight-bold\">Security : </span>Yes</li>\r\n<li class=\"mb-3\"><span class=\"text-secondary font-weight-bold\">Dining Capacity : </span>10 People</li>\r\n<li class=\"mb-3\"><span class=\"text-secondary font-weight-bold\">Church/Temple : </span>Yes</li>\r\n</ul>\r\n</div>\r\n<div class=\"col-md-4\">\r\n<ul>\r\n<li class=\"mb-3\"><span class=\"text-secondary font-weight-bold\">3rd Party : </span>No</li>\r\n<li class=\"mb-3\"><span class=\"text-secondary font-weight-bold\">Elevator : </span>Yes</li>\r\n<li class=\"mb-3\"><span class=\"text-secondary font-weight-bold\">CCTV : </span>Yes</li>\r\n<li class=\"mb-3\"><span class=\"text-secondary font-weight-bold\">Water Supply : </span>Ground Water / Tank</li>\r\n</ul>\r\n</div>\r\n<!---feature area end---->\r\n<p>&nbsp;</p>', 'zillhms1.jpg', 'zillhms2.jpg', 'zillhms3.jpg', 'zillhms4.jpg', 'zillhms5.jpg', 38, 'available', 'floorplan_sample.jpg', 'zillhms7.jpg', 'zillhms6.jpg', '2 Floor', '2025-03-17 16:46:30', 0),
(30, 'Yamraj Residence', '', 'apartment', '1,2 BHK', 'rent', 2, 2, 1, 1, 1, '1st Floor', 1100, 150000, 'Green Park', 'New Delhi', 'New Delhi', '<div class=\"col-md-4\">\r\n<ul>\r\n<li class=\"mb-3\"><span class=\"text-secondary font-weight-bold\">Property Age : </span>10 Years</li>\r\n<li class=\"mb-3\"><span class=\"text-secondary font-weight-bold\">Swiming Pool : </span>Yes</li>\r\n<li class=\"mb-3\"><span class=\"text-secondary font-weight-bold\">Parking : </span>Yes</li>\r\n<li class=\"mb-3\"><span class=\"text-secondary font-weight-bold\">GYM : </span>Yes</li>\r\n</ul>\r\n</div>\r\n<div class=\"col-md-4\">\r\n<ul>\r\n<li class=\"mb-3\"><span class=\"text-secondary font-weight-bold\">Type : </span>Apartment</li>\r\n<li class=\"mb-3\"><span class=\"text-secondary font-weight-bold\">Security : </span>Yes</li>\r\n<li class=\"mb-3\"><span class=\"text-secondary font-weight-bold\">Dining Capacity : </span>10 People</li>\r\n<li class=\"mb-3\"><span class=\"text-secondary font-weight-bold\">Church/Temple : </span>No</li>\r\n</ul>\r\n</div>\r\n<div class=\"col-md-4\">\r\n<ul>\r\n<li class=\"mb-3\"><span class=\"text-secondary font-weight-bold\">3rd Party : </span>No</li>\r\n<li class=\"mb-3\"><span class=\"text-secondary font-weight-bold\">Elevator : </span>Yes</li>\r\n<li class=\"mb-3\"><span class=\"text-secondary font-weight-bold\">CCTV : </span>Yes</li>\r\n<li class=\"mb-3\"><span class=\"text-secondary font-weight-bold\">Water Supply : </span>Ground Water / Tank</li>\r\n</ul>\r\n</div>', 'florence-homes-chanakyapuri.jpg', 'IMG-20250317-WA0001.jpg', 'IMG-20250317-WA0003.jpg', 'IMG-20250317-WA0002.jpg', 'IMG-20250317-WA0004.jpg', 36, 'available', 'images (2).png', 'images (3).png', 'simple-house-design.png', '2 Floor', '2025-03-17 15:05:54', 1);

-- --------------------------------------------------------

--
-- Table structure for table `state`
--

CREATE TABLE `state` (
  `sid` int(50) NOT NULL,
  `sname` varchar(100) NOT NULL
) ENGINE=InnoDB DEFAULT CHARSET=utf8mb4 COLLATE=utf8mb4_general_ci;

--
-- Dumping data for table `state`
--

INSERT INTO `state` (`sid`, `sname`) VALUES
(2, 'Colotana'),
(3, 'Floaii'),
(4, 'Virconsin'),
(7, 'West Misstana\n\n'),
(9, 'New Pennrk\n\n'),
(10, 'Louiswa\n\n'),
(15, 'Wisginia\n\n');

-- --------------------------------------------------------

--
-- Table structure for table `user`
--

CREATE TABLE `user` (
  `uid` int(50) NOT NULL,
  `uname` varchar(100) NOT NULL,
  `uemail` varchar(100) NOT NULL,
  `uphone` varchar(20) NOT NULL,
  `upass` varchar(50) NOT NULL,
  `utype` varchar(50) NOT NULL,
  `uimage` varchar(300) NOT NULL
) ENGINE=InnoDB DEFAULT CHARSET=utf8mb4 COLLATE=utf8mb4_general_ci;

--
-- Dumping data for table `user`
--

INSERT INTO `user` (`uid`, `uname`, `uemail`, `uphone`, `upass`, `utype`, `uimage`) VALUES
(28, 'Shaurya Kalra', 'christine@mail.com', '7777444455', '6812f136d636e737248d365016f8cfd5139e387c', 'user', 'gr7.png'),
(33, 'Shlok Singh', 'noah@mail.com', '7965555544', '6812f136d636e737248d365016f8cfd5139e387c', 'user', 'usersys-min.png'),
(36, 'Yashasvi Pandey', 'yop17112003@gmail.com', '7903285511', '7110eda4d09e062aa5e4a390b0a572ac0d2c0220', 'user', 'pic.jpg'),
(37, 'Yashasvi Pandey', 'test@gmail.com', '7903285511', '8cb2237d0679ca88db6464eac60da96345513964', 'agent', 'YASH.png'),
(38, 'Aman Chhimwal', 'aman@test.com', '9868401672', '74993c86d574b84c252c17f54fb9554c8622e08d', 'agent', 'AMAN.jpg'),
(39, 'Harsh Teotia', 'harsh@test.com', '1234567890', '7110eda4d09e062aa5e4a390b0a572ac0d2c0220', 'agent', 'HARSH.jpg'),
(40, 'Mahek Aggarwal', 'mahek@test.com', '0987654321', '7110eda4d09e062aa5e4a390b0a572ac0d2c0220', 'agent', 'MAHEK.jpg');

--
-- Indexes for dumped tables
--

--
-- Indexes for table `about`
--
ALTER TABLE `about`
  ADD PRIMARY KEY (`id`);

--
-- Indexes for table `admin`
--
ALTER TABLE `admin`
  ADD PRIMARY KEY (`aid`);

--
-- Indexes for table `city`
--
ALTER TABLE `city`
  ADD PRIMARY KEY (`cid`);

--
-- Indexes for table `contact`
--
ALTER TABLE `contact`
  ADD PRIMARY KEY (`cid`);

--
-- Indexes for table `faq`
--
ALTER TABLE `faq`
  ADD PRIMARY KEY (`id`);

--
-- Indexes for table `feedback`
--
ALTER TABLE `feedback`
  ADD PRIMARY KEY (`fid`);

--
-- Indexes for table `property`
--
ALTER TABLE `property`
  ADD PRIMARY KEY (`pid`);

--
-- Indexes for table `state`
--
ALTER TABLE `state`
  ADD PRIMARY KEY (`sid`);

--
-- Indexes for table `user`
--
ALTER TABLE `user`
  ADD PRIMARY KEY (`uid`);

--
-- AUTO_INCREMENT for dumped tables
--

--
-- AUTO_INCREMENT for table `about`
--
ALTER TABLE `about`
  MODIFY `id` int(10) NOT NULL AUTO_INCREMENT, AUTO_INCREMENT=12;

--
-- AUTO_INCREMENT for table `admin`
--
ALTER TABLE `admin`
  MODIFY `aid` int(10) NOT NULL AUTO_INCREMENT, AUTO_INCREMENT=10;

--
-- AUTO_INCREMENT for table `city`
--
ALTER TABLE `city`
  MODIFY `cid` int(50) NOT NULL AUTO_INCREMENT, AUTO_INCREMENT=14;

--
-- AUTO_INCREMENT for table `contact`
--
ALTER TABLE `contact`
  MODIFY `cid` int(50) NOT NULL AUTO_INCREMENT, AUTO_INCREMENT=9;

--
-- AUTO_INCREMENT for table `faq`
--
ALTER TABLE `faq`
  MODIFY `id` int(10) NOT NULL AUTO_INCREMENT, AUTO_INCREMENT=4;

--
-- AUTO_INCREMENT for table `feedback`
--
ALTER TABLE `feedback`
  MODIFY `fid` int(50) NOT NULL AUTO_INCREMENT, AUTO_INCREMENT=10;

--
-- AUTO_INCREMENT for table `property`
--
ALTER TABLE `property`
  MODIFY `pid` int(50) NOT NULL AUTO_INCREMENT, AUTO_INCREMENT=31;

--
-- AUTO_INCREMENT for table `state`
--
ALTER TABLE `state`
  MODIFY `sid` int(50) NOT NULL AUTO_INCREMENT, AUTO_INCREMENT=16;

--
-- AUTO_INCREMENT for table `user`
--
ALTER TABLE `user`
  MODIFY `uid` int(50) NOT NULL AUTO_INCREMENT, AUTO_INCREMENT=41;
COMMIT;

/*!40101 SET CHARACTER_SET_CLIENT=@OLD_CHARACTER_SET_CLIENT */;
/*!40101 SET CHARACTER_SET_RESULTS=@OLD_CHARACTER_SET_RESULTS */;
/*!40101 SET COLLATION_CONNECTION=@OLD_COLLATION_CONNECTION */;
